1,1,vocalist
2,2,vocalist
2,3,vocalist
2,4,vocalist
3,5,vocalist
4,6,vocalist
5,6,featured vocalist
2,7,vocalist
6,8,vocalist
7,9,vocalist
6,10,vocalist
6,11,vocalist
6,12,vocalist
4,13,vocalist
2,13,featured vocalist
2,14,vocalist
8,15,vocalist
9,16,vocalist
6,17,vocalist
10,18,vocalist
2,19,vocalist
2,20,vocalist
11,20,featured vocalist
1,20,featured vocalist
2,21,vocalist
12,21,featured vocalist
13,21,featured vocalist
2,22,vocalist
6,22,featured vocalist
2,23,vocalist
2,24,vocalist
6,25,vocalist
6,26,vocalist
1,26,featured vocalist
6,27,vocalist
6,28,vocalist
6,29,vocalist
14,30,vocalist
7,31,vocalist
7,32,vocalist
7,33,vocalist
7,34,vocalist
9,34,featured vocalist
15,34,featured vocalist
7,35,vocalist
16,35,featured vocalist
17,36,vocalist
2,36,featured vocalist
2,37,vocalist
18,37,featured vocalist
2,38,vocalist
6,39,vocalist
6,40,vocalist
6,41,vocalist
2,42,vocalist
13,43,vocalist
13,44,vocalist
17,44,featured vocalist
9,45,vocalist
13,46,vocalist
2,47,vocalist
19,47,featured vocalist
2,48,vocalist
20,48,featured vocalist
21,48,featured vocalist
7,49,vocalist
22,49,featured vocalist
23,50,vocalist
24,50,featured vocalist
25,50,featured vocalist
2,50,featured vocalist
17,51,vocalist
13,51,featured vocalist
6,52,vocalist
13,53,vocalist
17,53,featured vocalist
13,54,vocalist
17,54,featured vocalist
13,55,vocalist
17,55,featured vocalist
8,55,featured vocalist
13,56,vocalist
17,56,featured vocalist
26,57,vocalist
27,57,featured vocalist
3,58,vocalist
2,58,featured vocalist
26,59,vocalist
2,59,featured vocalist
28,59,featured vocalist
2,60,vocalist
29,60,featured vocalist
24,60,featured vocalist
2,61,vocalist
26,62,vocalist
2,62,featured vocalist
21,62,featured vocalist
30,63,vocalist
8,64,vocalist
31,64,featured vocalist
28,65,vocalist
2,65,featured vocalist
3,66,vocalist
28,66,featured vocalist
32,67,vocalist
14,67,featured vocalist
28,67,featured vocalist
33,67,featured vocalist
13,68,vocalist
13,69,vocalist
13,70,vocalist
13,71,vocalist
13,72,vocalist
13,73,vocalist
13,74,vocalist
2,75,vocalist
2,76,vocalist
2,77,vocalist
2,78,vocalist
13,79,vocalist
2,80,vocalist
2,81,vocalist
2,82,vocalist
2,83,vocalist
34,83,featured vocalist
2,84,vocalist
1,84,featured vocalist
35,84,featured vocalist
2,85,vocalist
24,85,featured vocalist
36,85,featured vocalist
2,86,vocalist
10,86,featured vocalist
2,87,vocalist
2,88,vocalist
2,89,vocalist
2,90,vocalist
29,90,featured vocalist
2,91,vocalist
2,92,vocalist
2,93,vocalist
2,94,vocalist
2,95,vocalist
8,95,featured vocalist
2,96,vocalist
2,97,vocalist
37,97,featured vocalist
13,97,featured vocalist
2,98,vocalist
38,98,featured vocalist
39,98,featured vocalist
2,99,vocalist
21,99,featured vocalist
2,100,vocalist
40,100,featured vocalist
1,101,vocalist
30,102,vocalist
30,103,vocalist
13,104,vocalist
9,105,vocalist
7,105,featured vocalist
3,106,vocalist
1,107,vocalist
4,108,vocalist
6,108,featured vocalist
13,109,vocalist
2,109,featured vocalist
17,109,featured vocalist
6,110,vocalist
41,110,featured vocalist
13,111,vocalist
13,112,vocalist
13,113,vocalist
42,113,featured vocalist
13,114,vocalist
21,114,featured vocalist
17,114,featured vocalist
13,115,vocalist
2,115,featured vocalist
17,115,featured vocalist
13,116,vocalist
43,116,featured vocalist
8,117,vocalist
44,117,featured vocalist
2,118,vocalist
13,119,vocalist
17,119,featured vocalist
21,119,featured vocalist
13,120,vocalist
17,120,featured vocalist
2,121,vocalist
2,122,vocalist
9,123,vocalist
9,124,vocalist
9,125,vocalist
9,126,vocalist
2,126,featured vocalist
9,127,vocalist
9,128,vocalist
45,129,vocalist
10,129,featured vocalist
46,129,featured vocalist
47,129,featured vocalist
6,129,featured vocalist
1,130,vocalist
17,130,featured vocalist
1,131,vocalist
17,131,featured vocalist
29,131,featured vocalist
1,132,vocalist
17,132,featured vocalist
2,132,featured vocalist
6,132,featured vocalist
1,133,vocalist
17,133,featured vocalist
7,133,featured vocalist
1,134,vocalist
17,134,featured vocalist
1,135,vocalist
17,135,featured vocalist
2,135,featured vocalist
1,136,vocalist
1,137,vocalist
29,137,featured vocalist
1,138,vocalist
48,138,featured vocalist
45,139,vocalist
10,139,featured vocalist
46,139,featured vocalist
2,140,vocalist
49,141,vocalist
2,141,featured vocalist
50,142,vocalist
2,142,featured vocalist
51,142,featured vocalist
52,143,vocalist
2,143,featured vocalist
53,144,vocalist
2,144,featured vocalist
